{"count":3,"delete":1,"pitch":0.562002624391228,"roll":10.6534500964167,"yaw":138.107000842312}