{"count":4,"delete":0,"pitch":3.32902439241106,"roll":-2.40877062635974,"yaw":142.295398570185}